id,first_name,last_name,email
1,Kristy,Armes,karmes0@desdev.cn
2,Arie,Gajewski,agajewski1@walmart.com
3,Dean,Banaszczyk,dbanaszczyk2@sina.com.cn
4,Biron,Knewstub,bknewstub3@newyorker.com
5,Irwin,Ramard,iramard4@soup.io
6,Dunn,Mogridge,dmogridge5@mozilla.org
7,Valli,Spofforth,vspofforth6@123-reg.co.uk
8,Coletta,Imison,cimison7@walmart.com
9,Ingrid,Icom,iicom8@issuu.com
10,Siobhan,Moxsom,smoxsom9@toplist.cz
11,Clarinda,Rylatt,crylatta@fda.gov
12,Emlyn,McInnes,emcinnesb@mediafire.com
13,Bartel,Howkins,bhowkinsc@phpbb.com
